{
  "$schema": "https://acode.app/schema/plugin/v0.1.0.json",
  "id": "com.rightfix.ngrok",
  "name": "Ngrok Installer",
  "main": "main.js",
  "version": "1.0.0",
  "repository": "https://github.com/RightFix/ngrok-acode.git",
  "icon": "icon.png",
  "minVersionCode": 290,
  "license": "MIT",
  "keywords": ["ngrok", "tunnel", "localhost", "networking"],
  "price": 0,
  "permissions": ["file:read", "file:write", "terminal"],
  "author": {
    "name": "RightFix",
    "email": "righteousnessude@gmail.com",
    "github": "https://github.com/RightFix"
  }
}
